"","p_val","avg_log2FC","pct.1","pct.2","p_val_adj","dpct","gene","motif"
"MA0771.1",1.53334953449826e-47,1.41065916935126,0.956,0.581,1.1438787527357e-44,0.375,"MA0771.1","HSF4"
"MA0486.2",8.67798957497148e-44,1.32438211726507,0.956,0.585,6.47378022292872e-41,0.371,"MA0486.2","HSF1"
"MA0727.1",4.8985511912122e-42,1.04641450365136,0.982,0.769,3.6543191886443e-39,0.213,"MA0727.1","NR3C2"
"MA0770.1",1.48684683898664e-37,1.14517966570516,0.967,0.65,1.10918774188403e-34,0.317,"MA0770.1","HSF2"
"MA0113.3",5.19742202624821e-35,0.937446190398884,0.989,0.833,3.87727683158117e-32,0.156,"MA0113.3","NR3C1"
"MA1152.1",1.58490620802805e-33,0.832703552926395,0.996,0.94,1.18234003118892e-30,0.056,"MA1152.1","SOX15"
"MA0007.3",3.21354602453896e-32,0.942696277003127,0.971,0.739,2.39730533430607e-29,0.232,"MA0007.3","Ar"
"MA0140.2",5.65655988400397e-29,0.920141605984918,0.978,0.752,4.21979367346696e-26,0.226,"MA0140.2","GATA1::TAL1"
"MA0514.1",1.37182624040112e-27,0.795784034155939,0.978,0.885,1.02338237533923e-24,0.093,"MA0514.1","Sox3"
"MA1527.1",1.47432167647676e-27,0.775279598766899,1,0.902,1.09984397065166e-24,0.098,"MA1527.1","NFIC(var.2)"
"MA1508.1",1.44426179008543e-25,0.775429897420922,1,0.979,1.07741929540373e-22,0.021,"MA1508.1","IKZF1"
"MA0036.3",7.3210028918994e-24,0.839602764830866,0.974,0.821,5.46146815735695e-21,0.153,"MA0036.3","GATA2"
"MA0042.2",1.45207740181764e-23,0.999972838226683,0.93,0.705,1.08324974175596e-20,0.225,"MA0042.2","FOXI1"
"MA0033.2",1.45207740181764e-23,0.999972838226683,0.93,0.705,1.08324974175596e-20,0.225,"MA0033.2","FOXL1"
"MA0848.1",1.45207740181764e-23,0.999972838226683,0.93,0.705,1.08324974175596e-20,0.225,"MA0848.1","FOXO4"
"MA0849.1",1.45207740181764e-23,0.999972838226683,0.93,0.705,1.08324974175596e-20,0.225,"MA0849.1","FOXO6"
"MA0850.1",1.45207740181764e-23,0.999972838226683,0.93,0.705,1.08324974175596e-20,0.225,"MA0850.1","FOXP3"
"MA0037.3",3.87802133379106e-23,0.808589614680472,0.982,0.825,2.89300391500813e-20,0.157,"MA0037.3","GATA3"
"MA0480.1",1.01545631368528e-22,0.885732357616026,0.978,0.765,7.57530410009221e-20,0.213,"MA0480.1","Foxo1"
"MA0852.2",2.64258958832662e-22,1.03750559362845,0.938,0.701,1.97137183289166e-19,0.237,"MA0852.2","FOXK1"
"MA0515.1",2.96597490394398e-22,0.702243021266449,1,0.983,2.21261727834221e-19,0.017,"MA0515.1","Sox6"
"MA0047.3",1.53212384456693e-21,0.946674847497823,0.941,0.722,1.14296438804693e-18,0.219,"MA0047.3","FOXA2"
"MA1528.1",1.6336895753677e-21,0.732807669200016,0.993,0.897,1.2187324232243e-18,0.096,"MA1528.1","NFIX(var.2)"
"MA0077.1",2.21025435172914e-21,0.667496402951112,1,0.987,1.64884974638994e-18,0.013,"MA0077.1","SOX9"
"MA0847.2",1.05352053963344e-20,0.981502594914125,0.956,0.645,7.85926322566546e-18,0.311,"MA0847.2","FOXD2"
"MA0868.2",3.61256653071676e-20,0.681684715643279,1,0.996,2.6949746319147e-17,0.004,"MA0868.2","SOX8"
"MA0161.2",6.96183956069617e-20,0.731458793591308,0.982,0.863,5.19353231227934e-17,0.119,"MA0161.2","NFIC"
"MA0087.1",7.94997589819213e-20,0.666163563371743,1,0.966,5.93068202005133e-17,0.034,"MA0087.1","Sox5"
"MA1683.1",8.58279130234787e-20,0.94821291809027,0.915,0.688,6.40276231155151e-17,0.227,"MA1683.1","FOXA3"
"MA0149.1",1.12950513247607e-19,0.778149440918981,0.978,0.769,8.42610828827151e-17,0.209,"MA0149.1","EWSR1-FLI1"
"MA1623.1",2.16126541251202e-19,1.07632474668173,0.79,0.423,1.61230399773397e-16,0.367,"MA1623.1","Stat2"
"MA1104.2",2.91429128390295e-19,0.821965631903803,0.952,0.731,2.1740612977916e-16,0.221,"MA1104.2","GATA6"
"MA0482.2",3.17347853154278e-19,0.771442577534468,0.978,0.799,2.36741498453092e-16,0.179,"MA0482.2","GATA4"
"MA0766.2",3.48983285691348e-19,0.748810382886305,0.985,0.829,2.60341531125746e-16,0.156,"MA0766.2","GATA5"
"MA1596.1",3.54605308873719e-19,-3.10024770805011,0.107,0.376,2.64535560419795e-16,-0.269,"MA1596.1","ZNF460"
"MA0652.1",3.5641616687961e-19,1.72495620691673,0.651,0.368,2.65886460492189e-16,0.283,"MA0652.1","IRF8"
"MA1487.1",7.07460170652828e-19,0.803809428042488,0.949,0.722,5.2776528730701e-16,0.227,"MA1487.1","FOXE1"
"MA0851.1",8.12211454755773e-19,1.00813142122226,0.893,0.654,6.05909745247807e-16,0.239,"MA0851.1","Foxj3"
"MA1418.1",1.11572656311727e-18,1.10622373438481,0.798,0.483,8.3233201608548e-16,0.315,"MA1418.1","IRF3"
"MA0031.1",1.24084883421643e-18,0.840129092969228,0.941,0.722,9.25673230325456e-16,0.219,"MA0031.1","FOXD1"
"MA0157.2",1.24084883421643e-18,0.840129092969228,0.941,0.722,9.25673230325456e-16,0.219,"MA0157.2","FOXO3"
"MA1103.2",1.71477434184798e-18,0.945513409600495,0.934,0.709,1.27922165901859e-15,0.225,"MA1103.2","FOXK2"
"MA1632.1",2.70492439372404e-18,-4.26734498495102,0.232,0.577,2.01787359771814e-15,-0.345,"MA1632.1","ATF2"
"MA0613.1",2.91470049012593e-18,1.04422033885874,0.875,0.641,2.17436656563394e-15,0.234,"MA0613.1","FOXG1"
"MA0614.1",2.91470049012593e-18,1.04422033885874,0.875,0.641,2.17436656563394e-15,0.234,"MA0614.1","Foxj2"
"MA0867.2",1.22755245531202e-17,0.670083390862113,0.996,0.962,9.15754131662766e-15,0.034,"MA0867.2","SOX4"
"MA0798.2",1.55268538659719e-17,-3.38691777156012,0.162,0.432,1.1583032984015e-14,-0.27,"MA0798.2","RFX3"
"MA0593.1",2.05373827315041e-17,0.922984965737932,0.926,0.739,1.5320887517702e-14,0.187,"MA0593.1","FOXP2"
"MA0030.1",2.10192560064453e-17,0.861880747497546,0.93,0.748,1.56803649808082e-14,0.182,"MA0030.1","FOXF2"
"MA0050.2",2.77333531363952e-17,1.24864086545736,0.596,0.261,2.06890814397508e-14,0.335,"MA0050.2","IRF1"
"MA1643.1",5.18232499980849e-17,0.657770540154194,0.996,0.919,3.86601444985714e-14,0.077,"MA1643.1","NFIB"
"MA0481.3",1.69671817428035e-16,0.922789871100156,0.904,0.654,1.26575175801314e-13,0.25,"MA0481.3","FOXP1"
"MA0148.4",5.12151585187632e-16,0.849284488500297,0.919,0.671,3.82065082549974e-13,0.248,"MA0148.4","FOXA1"
"MA0596.1",5.44074324108819e-16,-1.95683927295988,0.221,0.543,4.05879445785179e-13,-0.322,"MA0596.1","SREBF2"
"MA0442.2",6.75863795107066e-16,0.717258316383659,0.956,0.829,5.04194391149871e-13,0.127,"MA0442.2","SOX10"
"MA0846.1",1.21463122193051e-15,0.889783840535204,0.882,0.641,9.06114891560159e-13,0.241,"MA0846.1","FOXC2"
"MA1419.1",2.42062957038476e-15,3.26442611459131,0.456,0.205,1.80578965950703e-12,0.251,"MA1419.1","IRF4"
"MA0040.1",2.94196053174726e-15,0.911060237617344,0.86,0.637,2.19470255668346e-12,0.223,"MA0040.1","Foxq1"
"MA0778.1",5.50183345413416e-15,-3.06112489508821,0.202,0.462,4.10436775678409e-12,-0.26,"MA0778.1","NFKB2"
"MA0101.1",1.01451073723648e-14,-0.370068296120135,0.794,0.846,7.56825009978412e-12,-0.0519999999999999,"MA0101.1","REL"
"MA1653.1",1.35825089334998e-14,0.641373863168362,0.75,0.449,1.01325516643909e-11,0.301,"MA1653.1","ZNF148"
"MA1616.1",2.69278095091004e-14,0.594160422803853,0.993,0.825,2.00881458937889e-11,0.168,"MA1616.1","Prdm15"
"MA0051.1",4.38941948840366e-14,1.230487744836,0.629,0.368,3.27450693834913e-11,0.261,"MA0051.1","IRF2"
"MA0084.1",4.88108636834568e-14,0.6257427321238,0.982,0.927,3.64129043078588e-11,0.0549999999999999,"MA0084.1","SRY"
"MA0772.1",1.44891435097219e-13,1.37966483119176,0.625,0.35,1.08089010582525e-10,0.275,"MA0772.1","IRF7"
"MA1606.1",1.97336675440843e-13,0.926840390470346,0.882,0.675,1.47213159878869e-10,0.207,"MA1606.1","Foxf1"
"MA0653.1",2.00816808033834e-13,1.72934315327929,0.529,0.274,1.4980933879324e-10,0.255,"MA0653.1","IRF9"
"MA0517.1",2.03010965665071e-13,0.937500624798738,0.768,0.449,1.51446180386143e-10,0.319,"MA0517.1","STAT1::STAT2"
"MA0143.4",2.64037851994634e-13,0.627869656095203,0.996,0.987,1.96972237587997e-10,0.00900000000000001,"MA0143.4","SOX2"
"MA0107.1",4.35066961199163e-13,-0.281989173708304,0.864,0.868,3.24559953054575e-10,-0.004,"MA0107.1","RELA"
"MA1607.1",4.63055567143053e-13,0.822673563815938,0.908,0.692,3.45439453088718e-10,0.216,"MA1607.1","Foxl2"
"MA1562.1",6.62624043740448e-13,0.604007954233417,0.993,0.966,4.94317536630374e-10,0.027,"MA1562.1","SOX14"
"MA0119.1",8.55993163724212e-13,0.623192403035119,0.982,0.876,6.38570900138262e-10,0.106,"MA0119.1","NFIC::TLX1"
"MA0056.2",1.25028363184639e-12,-2.24945484887206,0.184,0.47,9.3271158935741e-10,-0.286,"MA0056.2","MZF1"
"MA1520.1",1.63260606500461e-12,-2.24813159387339,0.202,0.5,1.21792412449344e-09,-0.298,"MA1520.1","MAF"
"MA0509.2",1.65165970360533e-12,-1.39367049537317,0.276,0.462,1.23213813888958e-09,-0.186,"MA0509.2","RFX1"
"MA1489.1",2.2619176798364e-12,0.785605696499886,0.886,0.654,1.68739058915795e-09,0.232,"MA1489.1","FOXN3"
"MA0522.3",2.35098463735546e-12,-2.90744217794549,0.206,0.509,1.75383453946718e-09,-0.303,"MA0522.3","TCF3"
"MA0067.1",3.70233462363767e-12,-1.47414048674552,0.254,0.496,2.7619416292337e-09,-0.242,"MA0067.1","Pax2"
"MA0670.1",4.75571083312367e-12,0.655678537667292,0.945,0.803,3.54776028151025e-09,0.142,"MA0670.1","NFIA"
"MA0761.2",6.07818937812034e-12,0.65331015694298,1,0.974,4.53432927607777e-09,0.026,"MA0761.2","ETV1"
"MA0108.2",6.5528411048306e-12,0.761813944733293,0.739,0.504,4.88841946420363e-09,0.235,"MA0108.2","TBP"
"MA0839.1",8.90439232425761e-12,-3.95626657456348,0.154,0.41,6.64267667389618e-09,-0.256,"MA0839.1","CREB3L1"
"MA0639.1",1.10023824080883e-11,0.885663294146341,0.699,0.444,8.20777727643385e-09,0.255,"MA0639.1","DBP"
"MA1120.1",1.52227964102903e-11,0.60313288232293,1,0.991,1.13562061220766e-08,0.00900000000000001,"MA1120.1","SOX13"
"MA0820.1",2.37007922547325e-11,-2.86632198787553,0.173,0.436,1.76807910220304e-08,-0.263,"MA0820.1","FIGLA"
"MA1649.1",2.40367233572198e-11,0.680734771915103,0.853,0.658,1.7931395624486e-08,0.195,"MA1649.1","ZBTB12"
"MA1567.1",2.7258149671395e-11,-4.78626492365025,0.162,0.474,2.03345796548607e-08,-0.312,"MA1567.1","TBX6"
"MA0768.1",2.80315910737192e-11,0.736927738662978,0.868,0.658,2.09115669409945e-08,0.21,"MA0768.1","LEF1"
"MA0753.2",4.23524621651197e-11,0.702470347543435,0.776,0.509,3.15949367751793e-08,0.267,"MA0753.2","ZNF740"
"MA0843.1",7.38043113707287e-11,1.23832128174654,0.562,0.316,5.50580162825636e-08,0.246,"MA0843.1","TEF"
"MA0115.1",7.4451592410535e-11,0.652282779176123,0.919,0.812,5.55408879382591e-08,0.107,"MA0115.1","NR1H2::RXRA"
"MA0014.3",8.27114852313116e-11,-1.5430063442539,0.243,0.457,6.17027679825584e-08,-0.214,"MA0014.3","PAX5"
"MA1513.1",1.0341947133665e-10,0.563552445705126,0.71,0.44,7.71509256171407e-08,0.27,"MA1513.1","KLF15"
"MA0604.1",1.50357369679467e-10,-1.71285169000651,0.228,0.462,1.12166597780883e-07,-0.234,"MA0604.1","Atf1"
"MA0130.1",1.70649759472769e-10,-0.651255420154327,0.397,0.628,1.27304720566686e-07,-0.231,"MA0130.1","ZNF354C"
"MA0599.1",2.05661986345053e-10,0.787480412773545,0.721,0.462,1.53423841813409e-07,0.259,"MA0599.1","KLF5"
"MA0763.1",2.30520858299624e-10,-1.22976684760681,0.279,0.457,1.71968560291519e-07,-0.178,"MA0763.1","ETV3"
"MA0845.1",2.40026238535505e-10,0.747662528078563,0.853,0.611,1.79059573947487e-07,0.242,"MA0845.1","FOXB1"
"MA1566.1",2.5024524231408e-10,-3.84800632269262,0.18,0.436,1.86682950766304e-07,-0.256,"MA1566.1","TBX3"
"MA0523.1",2.57441689785507e-10,0.669703657075964,0.904,0.786,1.92051500579988e-07,0.118,"MA0523.1","TCF7L2"
"MA1648.1",2.71436851600673e-10,-2.31195318778229,0.217,0.509,2.02491891294102e-07,-0.292,"MA1648.1","TCF12(var.2)"
"MA1522.1",3.29040561460739e-10,0.573428395273331,0.735,0.491,2.45464258849712e-07,0.244,"MA1522.1","MAZ"
"MA0829.2",3.46382464038291e-10,-3.78730351418429,0.173,0.419,2.58401318172565e-07,-0.246,"MA0829.2","SREBF1(var.2)"
"MA0528.2",3.6085277554156e-10,0.615254920782079,0.838,0.645,2.69196170554004e-07,0.193,"MA0528.2","ZNF263"
"MA0759.1",5.09974964825282e-10,-1.33611976791076,0.268,0.397,3.8044132375966e-07,-0.129,"MA0759.1","ELK3"
"MA1601.1",7.55674651066581e-10,-0.552360314712859,0.544,0.731,5.63733289695669e-07,-0.187,"MA1601.1","ZNF75D"
"MA0041.1",8.25789499324426e-10,0.783752913081512,0.794,0.534,6.16038966496022e-07,0.26,"MA0041.1","Foxd3"
"MA1496.1",8.7736319243551e-10,-1.42053038283027,0.268,0.509,6.5451294155689e-07,-0.241,"MA1496.1","HOXA4"
"MA0032.2",9.03617315331716e-10,0.732548529583792,0.849,0.611,6.7409851723746e-07,0.238,"MA0032.2","FOXC1"
"MA0671.1",1.02777203126291e-09,0.59492992086694,0.956,0.821,7.66717935322134e-07,0.135,"MA0671.1","NFIX"
"MA1105.2",1.03151984315233e-09,0.647213247324404,0.849,0.594,7.69513802991641e-07,0.255,"MA1105.2","GRHL2"
"MA0066.1",1.16641618428692e-09,-0.90510245750313,0.316,0.551,8.7014647347804e-07,-0.235,"MA0066.1","PPARG"
"MA0806.1",1.19927446911323e-09,-2.40201456762212,0.202,0.487,8.94658753958469e-07,-0.285,"MA0806.1","TBX4"
"MA0807.1",1.19927446911323e-09,-2.40201456762212,0.202,0.487,8.94658753958469e-07,-0.285,"MA0807.1","TBX5"
"MA0659.2",1.2724447640572e-09,-4.49398468174371,0.136,0.35,9.49243793986669e-07,-0.214,"MA0659.2","MAFG"
"MA0062.3",1.30190880339967e-09,0.630404732926984,1,0.957,9.71223967336155e-07,0.043,"MA0062.3","GABPA"
"MA0152.1",1.31972388066922e-09,0.505499643946069,0.96,0.889,9.84514014979239e-07,0.071,"MA0152.1","NFATC2"
"MA0764.2",2.1737006437191e-09,0.620344209421354,1,0.962,1.62158068021445e-06,0.038,"MA0764.2","ETV4"
"MA0039.4",2.30939582782388e-09,0.716050975524218,0.695,0.457,1.72280928755662e-06,0.238,"MA0039.4","KLF4"
"MA0779.1",3.01925352661672e-09,-1.89592090606663,0.202,0.427,2.25236313085608e-06,-0.225,"MA0779.1","PAX1"
"MA0512.2",3.34133976724849e-09,0.634182793161401,0.901,0.842,2.49263946636738e-06,0.0590000000000001,"MA0512.2","Rxra"
"MA0080.5",3.49879308440944e-09,0.576890773077318,0.952,0.803,2.61009964096945e-06,0.149,"MA0080.5","SPI1"
"MA0677.1",4.7069349390124e-09,0.614659276141362,0.952,0.876,3.51137346450325e-06,0.076,"MA0677.1","Nr2f6"
"MA1541.1",5.91448763999442e-09,0.643566033812581,0.853,0.684,4.41220777943584e-06,0.169,"MA1541.1","NR6A1"
"MA0822.1",6.2060550295033e-09,-2.53788807635232,0.169,0.402,4.62971705200946e-06,-0.233,"MA0822.1","HES7"
"MA0821.1",8.26999827332433e-09,-3.0336950351035,0.158,0.389,6.16941871189995e-06,-0.231,"MA0821.1","HES5"
"MA1631.1",9.1529213630464e-09,-2.09053069058468,0.239,0.496,6.82807933683262e-06,-0.257,"MA1631.1","ASCL1(var.2)"
"MA0801.1",9.81155269610729e-09,-2.3645703388699,0.199,0.436,7.31941831129604e-06,-0.237,"MA0801.1","MGA"
"MA0803.1",9.81155269610729e-09,-2.3645703388699,0.199,0.436,7.31941831129604e-06,-0.237,"MA0803.1","TBX15"
"MA0156.2",1.29826960563106e-08,-0.679607277902948,0.32,0.457,9.68509125800768e-06,-0.137,"MA0156.2","FEV"
"MA1117.1",1.48894334023925e-08,-0.483689035557938,0.533,0.701,1.11075173181848e-05,-0.168,"MA1117.1","RELB"
"MA0073.1",2.02946809517198e-08,0.699810011009901,0.585,0.393,1.5139831989983e-05,0.192,"MA0073.1","RREB1"
"MA0625.1",2.48120718920745e-08,0.543986937262877,0.941,0.786,1.85098056314876e-05,0.155,"MA0625.1","NFATC3"
"MA1578.1",2.77486160350534e-08,0.643972623194454,0.765,0.538,2.07004675621499e-05,0.227,"MA1578.1","VEZF1"
"MA0065.2",3.56798558800795e-08,0.544063087270126,0.93,0.846,2.66171724865393e-05,0.0840000000000001,"MA0065.2","Pparg::Rxra"
"MA1537.1",3.65803009004507e-08,0.561829209152879,0.926,0.88,2.72889044717362e-05,0.046,"MA1537.1","NR2F1(var.2)"
"MA0805.1",5.35553043690393e-08,-1.4348481217081,0.224,0.487,3.99522570593033e-05,-0.263,"MA0805.1","TBX1"
"MA1148.1",5.58689566284722e-08,0.56557866581023,0.915,0.739,4.16782416448402e-05,0.176,"MA1148.1","PPARA::RXRA"
"MA1106.1",6.95605455404613e-08,-0.950274283722525,0.39,0.581,5.18921669731842e-05,-0.191,"MA1106.1","HIF1A"
"MA0506.1",9.35241643975472e-08,0.746486272217546,0.5,0.325,6.97690266405702e-05,0.175,"MA0506.1","NRF1"
"MA1550.1",1.34878174965664e-07,0.602721732102371,0.893,0.812,0.000100619118524385,0.081,"MA1550.1","PPARD"
"MA0739.1",1.67861318571478e-07,0.579021715678137,0.912,0.718,0.000125224543654323,0.194,"MA0739.1","Hic1"
"MA0598.3",2.42968818342762e-07,0.59098542141594,0.989,0.915,0.000181254738483701,0.074,"MA0598.3","EHF"
"MA0144.2",2.9206702702633e-07,0.462380852127066,0.971,0.889,0.000217882002161642,0.082,"MA0144.2","STAT3"
"MA0814.2",4.09096943362124e-07,-1.64032014046439,0.162,0.329,0.000305186319748145,-0.167,"MA0814.2","TFAP2C(var.2)"
"MA1529.1",4.37909579542784e-07,-3.50486705777859,0.154,0.308,0.000326680546338917,-0.154,"MA1529.1","NHLH2"
"MA1563.1",4.90377435160876e-07,0.509202671664383,0.978,0.919,0.000365821566630013,0.0589999999999999,"MA1563.1","SOX18"
"MA1546.1",5.95347661484906e-07,-0.604910313744287,0.485,0.645,0.00044412935546774,-0.16,"MA1546.1","PAX3(var.2)"
"MA0687.1",7.46301473720289e-07,0.748634513418408,0.728,0.47,0.000556740899395336,0.258,"MA0687.1","SPIC"
"MA1579.1",7.61042030871284e-07,0.487312367629826,0.908,0.756,0.000567737355029978,0.152,"MA1579.1","ZBTB26"
"MA0640.2",9.086207542145e-07,0.561077640517035,0.996,0.944,0.000677831082644017,0.052,"MA0640.2","ELF3"
"MA0162.4",1.31956521831289e-06,0.478111205078999,0.64,0.479,0.000984395652861415,0.161,"MA0162.4","EGR1"
"MA0869.1",1.76220939697049e-06,0.573428766768089,0.724,0.594,0.00131460821013999,0.13,"MA0869.1","Sox11"
"MA0856.1",1.88357767423068e-06,0.59494695314692,0.868,0.812,0.00140514894497609,0.0559999999999999,"MA0856.1","RXRG"
"MA0741.1",1.91436472832311e-06,0.550280108538361,0.651,0.41,0.00142811608732904,0.241,"MA0741.1","KLF16"
"MA0855.1",2.1726961447745e-06,0.576043685763158,0.875,0.795,0.00162083132400178,0.08,"MA0855.1","RXRB"
"MA1624.1",2.32300473816533e-06,0.45982809650344,0.967,0.885,0.00173296153467133,0.082,"MA1624.1","Stat5a"
"MA0484.2",2.43566715174858e-06,0.471081240520589,0.868,0.709,0.00181700769520444,0.159,"MA0484.2","HNF4G"
"MA0504.1",2.66549196137785e-06,0.506952661971475,0.89,0.761,0.00198845700318788,0.129,"MA0504.1","NR2C2"
"MA1603.1",2.68022359506471e-06,0.556028419174058,0.688,0.483,0.00199944680191828,0.205,"MA1603.1","Dmrt1"
"MA1565.1",2.91215138668242e-06,-1.00133320540277,0.305,0.504,0.00217246493446509,-0.199,"MA1565.1","TBX18"
"MA0029.1",3.24981091165689e-06,0.603985880764743,0.632,0.432,0.00242435894009604,0.2,"MA0029.1","Mecom"
"MA0114.4",3.99160799523733e-06,0.482027160760468,0.857,0.688,0.00297773956444705,0.169,"MA0114.4","HNF4A"
"MA0769.2",4.1210891124357e-06,0.563915350825059,0.886,0.735,0.00307433247787704,0.151,"MA0769.2","TCF7"
"MA0259.1",4.97811715140865e-06,-0.845225860697526,0.368,0.547,0.00371367539495085,-0.179,"MA0259.1","ARNT::HIF1A"
"MA1627.1",5.25945484936861e-06,0.534006744765561,0.585,0.38,0.00392355331762899,0.205,"MA1627.1","Wt1"
"MA1534.1",5.42517691628458e-06,0.48574820864626,0.838,0.692,0.00404718197954829,0.146,"MA1534.1","NR1I3"
"MA0691.1",8.44177059830504e-06,-1.85046181751917,0.21,0.342,0.00629756086633556,-0.132,"MA0691.1","TFAP4"
"MA0622.1",9.31665409821975e-06,-0.822826371971724,0.327,0.521,0.00695022395727193,-0.194,"MA0622.1","Mlxip"
"MA0901.2",1.06583239500938e-05,0.5835736157199,0.625,0.453,0.00795110966676996,0.172,"MA0901.2","HOXB13"
"MA0519.1",1.0942283589005e-05,0.412739436451224,0.956,0.91,0.00816294355739771,0.0459999999999999,"MA0519.1","Stat5a::Stat5b"
"MA0624.1",1.25045513693927e-05,0.457980062853106,0.934,0.799,0.00932839532156699,0.135,"MA0624.1","NFATC1"
"MA1647.1",1.29460645183637e-05,0.516749701195439,0.871,0.692,0.00965776413069934,0.179,"MA1647.1","PRDM4"
"MA0719.1",1.43034611089466e-05,-4.98055987855733,0.151,0.325,0.0106703819872742,-0.174,"MA0719.1","RHOXF1"
"MA1638.1",1.46060781251082e-05,-0.817194924721587,0.309,0.53,0.0108961342813307,-0.221,"MA1638.1","HAND2"
"MA1561.1",1.68342120147171e-05,0.474197975673702,0.919,0.842,0.012558322162979,0.0770000000000001,"MA1561.1","SOX12"
"MA1523.1",1.7403076693591e-05,-0.721073901301843,0.364,0.513,0.0129826952134189,-0.149,"MA1523.1","MSANTD3"
"MA1112.2",1.75778495860965e-05,0.627586736651644,0.809,0.594,0.013113075791228,0.215,"MA1112.2","NR4A1"
"MA1574.1",2.25539069224711e-05,0.526586799390683,0.86,0.816,0.0168252145641634,0.044,"MA1574.1","THRB"
"MA0645.1",2.49702163184688e-05,-0.229253320542676,0.54,0.573,0.0186277813735777,-0.0329999999999999,"MA0645.1","ETV6"
"MA1111.1",3.0358517760516e-05,0.510487851559568,0.923,0.821,0.022647454249345,0.102,"MA1111.1","NR2F2"
"MA1114.1",3.76544981934796e-05,-0.855047937757672,0.29,0.423,0.0280902556523358,-0.133,"MA1114.1","PBX3"
"MA0473.3",3.82913503820485e-05,0.542679056503713,0.989,0.94,0.0285653473850082,0.049,"MA0473.3","ELF1"
"MA1639.1",4.16538603632792e-05,-0.724470440998337,0.298,0.453,0.0310737798310063,-0.155,"MA1639.1","MEIS1(var.2)"
"MA0765.2",4.27181193512217e-05,-0.335577086166603,0.426,0.538,0.0318677170360114,-0.112,"MA0765.2","ETV5"
"MA0884.1",5.34266647264103e-05,-1.18629880442628,0.283,0.41,0.039856291885902,-0.127,"MA0884.1","DUXA"
"MA0164.1",5.76573477825097e-05,0.560495420001245,0.467,0.38,0.0430123814457523,0.087,"MA0164.1","Nr2e3"
"MA0027.2",6.90830829797892e-05,0.593719748800458,0.522,0.389,0.0515359799029227,0.133,"MA0027.2","EN1"
"MA0710.1",6.91464377829679e-05,0.561999074902953,0.676,0.534,0.0515832425860941,0.142,"MA0710.1","NOTO"
"MA0751.1",7.29176169141298e-05,-0.440199192610152,0.46,0.611,0.0543965422179408,-0.151,"MA0751.1","ZIC4"
"MA1493.1",7.94214461636634e-05,-1.21504505229421,0.25,0.41,0.0592483988380929,-0.16,"MA1493.1","HES6"
"MA1628.1",8.16158238683681e-05,0.379783654679794,0.934,0.795,0.0608854046058026,0.139,"MA1628.1","Zic1::Zic2"
"MA0468.1",9.29953324832275e-05,-1.62640620786853,0.228,0.419,0.0693745180324877,-0.191,"MA0468.1","DUX4"
"MA0520.1",0.000123930908715336,0.397459782500237,0.908,0.803,0.0924524579016407,0.105,"MA0520.1","Stat6"
"MA0647.1",0.000127964579238172,0.439883237474451,0.728,0.56,0.095461576111676,0.168,"MA0647.1","GRHL1"
"MA0700.2",0.000147717715348032,0.437853076067832,0.673,0.491,0.110197415649632,0.182,"MA0700.2","LHX2"
"MA0619.1",0.000153221445846305,0.431500198661817,0.779,0.603,0.114303198601343,0.176,"MA0619.1","LIN54"
"MA0606.1",0.000153488801214975,0.415603948686451,0.93,0.786,0.114502645706372,0.144,"MA0606.1","NFAT5"
"MA0743.2",0.000158138428548631,-0.937086310635745,0.276,0.521,0.117971267697278,-0.245,"MA0743.2","SCRT1"
"MA1580.1",0.000166876601613021,-1.11365360793631,0.254,0.415,0.124489944803314,-0.161,"MA1580.1","ZBTB32"
"MA1536.1",0.000172601980241071,0.469593280301341,0.923,0.774,0.128761077259839,0.149,"MA1536.1","NR2C2(var.2)"
"MA0877.2",0.00018002489885678,-0.984444258874714,0.265,0.432,0.134298574547158,-0.167,"MA0877.2","BARHL1"
"MA0035.4",0.000200660595730087,0.519285457753896,0.625,0.487,0.149692804414645,0.138,"MA0035.4","GATA1"
"MA0615.1",0.00020688829339896,-0.864915632838104,0.279,0.444,0.154338666875624,-0.165,"MA0615.1","Gmeb1"
"MA0505.1",0.000213218622728148,0.4336978336661,0.897,0.735,0.159061092555199,0.162,"MA0505.1","Nr5a2"
"MA0650.2",0.000243207730535925,0.5399077098987,0.577,0.402,0.1814329669798,0.175,"MA0650.2","HOXA13"
"MA0147.3",0.00025061340438464,-2.05580074856702,0.188,0.312,0.186957599670942,-0.124,"MA0147.3","MYC"
"MA0508.3",0.000307658963662892,0.610645089186015,0.375,0.274,0.229513586892518,0.101,"MA0508.3","PRDM1"
"MA0111.1",0.000351569508472943,-0.657088295872162,0.294,0.453,0.262270853320816,-0.159,"MA0111.1","Spz1"
"MA0076.2",0.000407682285830366,-0.0374315639528608,0.551,0.598,0.304130985229453,-0.0469999999999999,"MA0076.2","ELK4"
"MA1155.1",0.000424240646347647,0.432415113968794,0.721,0.581,0.316483522175345,0.14,"MA1155.1","ZSCAN4"
"MA0678.1",0.000439079022048009,0.367708734189017,0.794,0.645,0.327552950447815,0.149,"MA0678.1","OLIG2"
"MA0154.4",0.000555746518207937,-0.295105235399958,0.496,0.534,0.414586902583121,-0.038,"MA0154.4","EBF1"
"MA1485.1",0.000586638861784801,-4.43065421475873,0.165,0.291,0.437632590891461,-0.126,"MA1485.1","FERD3L"
"MA1540.1",0.000635502286756062,0.414756499883558,0.886,0.744,0.474084705920022,0.142,"MA1540.1","NR5A1"
"MA0642.1",0.000636651636986873,0.456412372168159,0.533,0.368,0.474942121192207,0.165,"MA0642.1","EN2"
"MA0690.1",0.000685294914940263,-0.938316678060652,0.246,0.453,0.511230006545436,-0.207,"MA0690.1","TBX21"
"MA1645.1",0.000700036184711953,-0.690306186431605,0.371,0.517,0.522226993795117,-0.146,"MA1645.1","NKX2-2"
"MA0078.1",0.000800464110186572,0.392643111157913,0.956,0.885,0.597146226199183,0.071,"MA0078.1","Sox17"
"MA1150.1",0.000855837004559798,-1.44246105036138,0.206,0.338,0.638454405401609,-0.132,"MA1150.1","RORB"
"MA1109.1",0.000861729148030898,-0.636241687104733,0.346,0.432,0.64284994443105,-0.086,"MA1109.1","NEUROD1"
"MA0518.1",0.000878242860544684,0.374953837596408,0.978,0.949,0.655169173966334,0.029,"MA0518.1","Stat4"
"MA0699.1",0.000886100014852201,0.541349802118148,0.574,0.397,0.661030611079742,0.177,"MA0699.1","LBX2"
"MA0796.1",0.000897231423384618,-2.80281830247421,0.202,0.295,0.669334641844925,-0.093,"MA0796.1","TGIF1"
"MA0817.1",0.000943936501931355,0.342255579461537,0.699,0.603,0.704176630440791,0.096,"MA0817.1","BHLHE23"
"MA0163.1",0.00101242468532259,-0.302455556376892,0.423,0.53,0.75526881525065,-0.107,"MA0163.1","PLAG1"
"MA1524.1",0.00101886857972747,0.440446078104189,0.625,0.466,0.760075960476695,0.159,"MA1524.1","MSGN1"
"MA0495.3",0.0010630073656026,-0.996888797355145,0.243,0.368,0.79300349473954,-0.125,"MA0495.3","MAFF"
"MA1499.1",0.00114306659513936,-0.960834475645217,0.221,0.38,0.852727679973961,-0.159,"MA1499.1","HOXB4"
"MA1589.1",0.00122384988359867,-0.538929535360692,0.39,0.556,0.912992013164611,-0.166,"MA1589.1","ZNF140"
"MA0471.2",0.00123383620866243,0.394213983161484,0.831,0.662,0.920441811662173,0.169,"MA0471.2","E2F6"
"MA0693.2",0.00124821563685711,0.486256007845883,0.577,0.453,0.931168865095403,0.124,"MA0693.2","VDR"
"MA1149.1",0.00126214159920533,0.384875717353783,0.908,0.838,0.941557633007179,0.0700000000000001,"MA1149.1","RARA::RXRG"
"MA0827.1",0.00132875599795906,0.349276403152515,0.721,0.62,0.991251974477458,0.101,"MA0827.1","OLIG3"
"MA0797.1",0.00134089292394114,-1.8870594787917,0.176,0.308,1,-0.132,"MA0797.1","TGIF2"
"MA0117.2",0.0013803357872516,-1.18341866828044,0.232,0.355,1,-0.123,"MA0117.2","Mafb"
"MA0909.2",0.00138042390987646,0.406576634341755,0.68,0.517,1,0.163,"MA0909.2","HOXD13"
"MA0475.2",0.00146237794521031,0.0232861367987213,0.676,0.641,1,0.035,"MA0475.2","FLI1"
"MA0749.1",0.00149441265367102,-1.83574503666416,0.217,0.325,1,-0.108,"MA0749.1","ZBED1"
"MA1600.1",0.00163883685245329,0.318607324956891,0.787,0.697,1,0.0900000000000001,"MA1600.1","ZNF684"
"MA1555.1",0.00164373801389406,-0.281263047072942,0.581,0.65,1,-0.0690000000000001,"MA1555.1","RXRB(var.2)"
"MA0626.1",0.00165019426385432,-0.749666435003326,0.327,0.427,1,-0.1,"MA0626.1","Npas2"
"MA1646.1",0.00167993233096464,0.561614101161825,0.404,0.329,1,0.075,"MA1646.1","OSR2"
"MA1525.1",0.00212180221108549,0.365226044183961,0.923,0.799,1,0.124,"MA1525.1","NFATC4"
"MA1494.1",0.00219689477069909,0.397563137471551,0.868,0.825,1,0.043,"MA1494.1","HNF4A(var.2)"
"MA1593.1",0.00266467271530818,0.522173164376932,0.397,0.316,1,0.081,"MA1593.1","ZNF317"
"MA1420.1",0.00284524695944405,0.633006449321427,0.371,0.312,1,0.059,"MA1420.1","IRF5"
"MA0688.1",0.00296074687414154,-1.99282872876922,0.191,0.338,1,-0.147,"MA0688.1","TBX2"
"MA1421.1",0.0031238120410681,0.409981140964402,0.897,0.791,1,0.106,"MA1421.1","TCF7L1"
"MA1511.1",0.00321323368962416,0.500742385001366,0.518,0.406,1,0.112,"MA1511.1","KLF10"
"MA0762.1",0.00343377287504171,0.472548111960843,0.989,0.932,1,0.0569999999999999,"MA0762.1","ETV2"
"MA1512.1",0.00346040379094418,0.499614711892353,0.529,0.376,1,0.153,"MA1512.1","KLF11"
"MA1615.1",0.00357050755261756,-0.222532818843442,0.515,0.62,1,-0.105,"MA1615.1","Plagl1"
"MA0664.1",0.00360199536380029,0.596250550329037,0.335,0.274,1,0.061,"MA0664.1","MLXIPL"
"MA0095.2",0.0042897644825043,-4.76493187168553,0.14,0.278,1,-0.138,"MA0095.2","YY1"
"MA0601.1",0.00437617772472462,0.326159739035896,0.581,0.457,1,0.124,"MA0601.1","Arid3b"
"MA1116.1",0.00449370238506998,0.0358741409195606,0.934,0.859,1,0.0750000000000001,"MA1116.1","RBPJ"
"MA0730.1",0.00471849983903044,0.400808960667783,0.838,0.778,1,0.0599999999999999,"MA0730.1","RARA(var.2)"
"MA1498.1",0.00555326673834034,-0.529613300930978,0.36,0.466,1,-0.106,"MA1498.1","HOXA7"
"MA0910.2",0.00555326673834034,-0.529613300930978,0.36,0.466,1,-0.106,"MA0910.2","HOXD8"
"MA0024.3",0.00559312958266577,0.362355448858128,0.614,0.521,1,0.093,"MA0024.3","E2F1"
"MA0643.1",0.00580226227717727,0.390422229333103,0.868,0.752,1,0.116,"MA0643.1","Esrrg"
"MA0151.1",0.00585074599393386,0.275615165837497,0.599,0.491,1,0.108,"MA0151.1","Arid3a"
"MA0748.2",0.0063717267129631,-1.31129391523415,0.206,0.321,1,-0.115,"MA0748.2","YY2"
"MA0153.2",0.00642561200769025,-0.814352837592476,0.235,0.385,1,-0.15,"MA0153.2","HNF1B"
"MA0465.2",0.00673303129285433,0.270843505408763,0.537,0.41,1,0.127,"MA0465.2","CDX2"
"MA0610.1",0.00688156856606614,-0.650921921914493,0.279,0.419,1,-0.14,"MA0610.1","DMRT3"
"MA0136.2",0.00710628773233652,0.555750427300307,0.857,0.714,1,0.143,"MA0136.2","ELF5"
"MA1107.2",0.00741465299909958,0.386375244322564,0.566,0.479,1,0.087,"MA1107.2","KLF9"
"MA0637.1",0.00828715251381394,-0.315934972144977,0.39,0.5,1,-0.11,"MA0637.1","CENPB"
"MA0498.2",0.00901610610027022,0.543314744875584,0.544,0.44,1,0.104,"MA0498.2","MEIS1"
"MA1554.1",0.00915252329171663,-0.372433003229377,0.357,0.44,1,-0.083,"MA1554.1","RFX7"
"MA0858.1",0.00929418629510843,0.386813430485016,0.82,0.744,1,0.076,"MA0858.1","Rarb(var.2)"
"MA0733.1",0.0101873067732501,0.319618025917543,0.493,0.432,1,0.061,"MA0733.1","EGR4"
"MA0860.1",0.0105862476630986,0.37095307111162,0.812,0.709,1,0.103,"MA0860.1","Rarg(var.2)"
"MA0137.3",0.0114457887910233,0.362014268002175,0.974,0.927,1,0.0469999999999999,"MA0137.3","STAT1"
"MA0657.1",0.0115144467145309,-0.5070584925259,0.331,0.444,1,-0.113,"MA0657.1","KLF13"
"MA0098.3",0.0117831058985125,0.152501085889132,0.761,0.722,1,0.039,"MA0098.3","ETS1"
"MA0760.1",0.0121521144824152,0.151214610457423,0.779,0.731,1,0.048,"MA0760.1","ERF"
"MA0046.2",0.0126012865354032,-0.486995265316032,0.338,0.436,1,-0.098,"MA0046.2","HNF1A"
"MA0497.1",0.0132503595609539,0.447788015659105,0.673,0.577,1,0.0960000000000001,"MA0497.1","MEF2C"
"MA0516.2",0.0139333438592735,0.354425069946048,0.577,0.483,1,0.094,"MA0516.2","SP2"
"MA1584.1",0.0148207434533652,-0.266277436401931,0.474,0.53,1,-0.056,"MA1584.1","ZIC5"
"MA0146.2",0.0149564621295049,-0.266083649056818,0.316,0.385,1,-0.069,"MA0146.2","Zfx"
"MA0607.1",0.0149873397192814,-0.280103071490942,0.54,0.607,1,-0.0669999999999999,"MA0607.1","Bhlha15"
"MA0666.1",0.0162663967786773,0.333879679514585,0.537,0.47,1,0.0670000000000001,"MA0666.1","MSX1"
"MA0708.1",0.0162663967786773,0.333879679514585,0.537,0.47,1,0.0670000000000001,"MA0708.1","MSX2"
"MA0709.1",0.0162663967786773,0.333879679514585,0.537,0.47,1,0.0670000000000001,"MA0709.1","Msx3"
"MA0876.1",0.0162663967786773,0.333879679514585,0.537,0.47,1,0.0670000000000001,"MA0876.1","BSX"
"MA1642.1",0.0178477291282148,-0.432766614890527,0.423,0.466,1,-0.043,"MA1642.1","NEUROG2(var.2)"
"MA0081.2",0.0183504633944594,0.412867621638288,0.945,0.825,1,0.12,"MA0081.2","SPIB"
"MA1630.1",0.018533128677681,0.266434467259661,0.581,0.44,1,0.141,"MA1630.1","Znf281"
"MA0863.1",0.0185429229214396,0.254430119428529,0.68,0.551,1,0.129,"MA0863.1","MTF1"
"MA1516.1",0.0190734436410914,-0.384613721121864,0.364,0.427,1,-0.063,"MA1516.1","KLF3"
"MA0788.1",0.0193364704418583,0.369498445728528,0.489,0.41,1,0.079,"MA0788.1","POU3F3"
"MA0004.1",0.0198655946754999,-1.86495762340953,0.195,0.308,1,-0.113,"MA0004.1","Arnt"
"MA1518.1",0.0204489408087457,-0.485456948115246,0.32,0.479,1,-0.159,"MA1518.1","LHX1"
"MA1530.1",0.0208246337029671,-0.659497368714323,0.312,0.415,1,-0.103,"MA1530.1","NKX6-3"
"MA0057.1",0.020865372417978,0.207708618674335,0.555,0.513,1,0.042,"MA0057.1","MZF1(var.2)"
"MA1147.1",0.0209576727446656,0.340154192634753,0.801,0.675,1,0.126,"MA1147.1","NR4A2::RXRA"
"MA1531.1",0.0211161351996266,-0.0950875443139789,0.57,0.577,1,-0.00700000000000001,"MA1531.1","NR1D1"
"MA1484.1",0.0213745552553166,0.173950381082831,0.735,0.726,1,0.00900000000000001,"MA1484.1","ETS2"
"MA1539.1",0.0214712911113738,0.317234628588507,0.761,0.641,1,0.12,"MA1539.1","NR2F6(var.3)"
"MA0048.2",0.0215993001347065,-1.56716849732595,0.206,0.291,1,-0.085,"MA0048.2","NHLH1"
"MA0649.1",0.0216140983579128,-0.414939163416673,0.36,0.457,1,-0.097,"MA0649.1","HEY2"
"MA0513.1",0.0222452771926984,-0.438181820267609,0.312,0.423,1,-0.111,"MA0513.1","SMAD2::SMAD3::SMAD4"
"MA0641.1",0.0223781911644665,0.0225788515651402,0.408,0.389,1,0.019,"MA0641.1","ELF4"
"MA0802.1",0.0252938103411227,-0.608562975164503,0.324,0.466,1,-0.142,"MA0802.1","TBR1"
"MA0696.1",0.0257024527089951,-0.299563832213665,0.441,0.56,1,-0.119,"MA0696.1","ZIC1"
"MA0866.1",0.0257784353779464,0.313460686897716,0.835,0.765,1,0.07,"MA0866.1","SOX21"
"MA1504.1",0.0259913649099042,-0.340091217687825,0.39,0.453,1,-0.063,"MA1504.1","HOXC4"
"MA0142.1",0.0263710819562542,0.202990560564331,0.504,0.444,1,0.06,"MA0142.1","Pou5f1::Sox2"
"MA1650.1",0.0268339404360455,0.196687658395555,0.32,0.355,1,-0.035,"MA1650.1","ZBTB14"
"MA0734.2",0.0276701159369943,-0.866853864232405,0.254,0.346,1,-0.092,"MA0734.2","GLI2"
"MA0628.1",0.0277436851234002,-0.28656298250727,0.43,0.517,1,-0.087,"MA0628.1","POU6F1"
"MA0889.1",0.0278897093214731,0.334326090838221,0.621,0.517,1,0.104,"MA0889.1","GBX1"
"MA1491.1",0.0279592763999623,-0.63853922528215,0.298,0.444,1,-0.146,"MA1491.1","GLI3"
"MA0899.1",0.0289285055480146,0.210616111589777,0.592,0.521,1,0.071,"MA0899.1","HOXA10"
"MA0870.1",0.029366274119957,0.268308523203422,0.842,0.726,1,0.116,"MA0870.1","Sox1"
"MA0754.1",0.0295863302644462,-0.548628667221954,0.316,0.427,1,-0.111,"MA0754.1","CUX1"
"MA0898.1",0.0300564555370942,0.287473886018684,0.651,0.573,1,0.0780000000000001,"MA0898.1","Hmx3"
"MA0756.1",0.0300575325034126,-0.40859196706696,0.408,0.521,1,-0.113,"MA0756.1","ONECUT2"
"MA1583.1",0.0309959066567949,0.417137316697031,0.294,0.235,1,0.059,"MA1583.1","ZFP57"
"MA1573.1",0.032105587502913,-0.247075820379646,0.349,0.363,1,-0.014,"MA1573.1","THAP11"
"MA0632.2",0.0329544290099923,0.22484415585275,0.456,0.35,1,0.106,"MA0632.2","TCFL5"
"MA1507.1",0.0334895763618297,-0.521379250529714,0.301,0.432,1,-0.131,"MA1507.1","HOXD4"
"MA0474.2",0.0338422735362412,0.206811401275193,0.805,0.714,1,0.0910000000000001,"MA0474.2","ERG"
"MA0906.1",0.0343468020497268,-0.545210585782874,0.287,0.393,1,-0.106,"MA0906.1","HOXC12"
"MA0905.1",0.0354528681281527,-0.59076583605689,0.298,0.397,1,-0.099,"MA0905.1","HOXC10"
"MA0861.1",0.0356593403090433,-0.306603993265943,0.375,0.453,1,-0.078,"MA0861.1","TP73"
"MA0724.1",0.0359501403709159,0.338821639792571,0.658,0.517,1,0.141,"MA0724.1","VENTX"
"MA0072.1",0.037451400046321,-2.90056419597423,0.162,0.218,1,-0.056,"MA0072.1","RORA(var.2)"
"MA1637.1",0.0384239471957888,-0.0551668368246258,0.471,0.466,1,0.00499999999999995,"MA1637.1","EBF3"
"MA0791.1",0.0388633254579738,-0.365498549599162,0.408,0.496,1,-0.088,"MA0791.1","POU4F3"
"MA0594.2",0.039341117249854,0.203814724258118,0.482,0.393,1,0.089,"MA0594.2","HOXA9"
"MA1502.1",0.0401320116856529,-0.25936608905245,0.423,0.479,1,-0.056,"MA1502.1","HOXB8"
"MA0507.1",0.0406425720899551,0.0974322462799613,0.165,0.201,1,-0.036,"MA0507.1","POU2F2"
"MA1503.1",0.0407703358593428,-0.521472944802164,0.305,0.397,1,-0.092,"MA1503.1","HOXB9"
"MA0757.1",0.0422614740529997,-0.44093922229606,0.368,0.466,1,-0.098,"MA0757.1","ONECUT3"
"MA0721.1",0.0424024957423569,0.278075393464904,0.504,0.487,1,0.017,"MA0721.1","UNCX"
"MA1604.1",0.0428038054061452,-0.0328870105227299,0.449,0.449,1,0,"MA1604.1","Ebf2"
"MA1121.1",0.0435403380808835,-0.128242182415119,0.739,0.765,1,-0.026,"MA1121.1","TEAD2"
"MA1470.1",0.0460654921821506,-0.375260641905736,0.471,0.556,1,-0.0850000000000001,"MA1470.1","BACH2(var.2)"
"MA0864.2",0.0479191297108692,-0.320735689442233,0.426,0.474,1,-0.048,"MA0864.2","E2F2"
"MA0675.1",0.0513143743195519,0.257696453365488,0.533,0.47,1,0.0630000000000001,"MA0675.1","NKX6-2"
"MA1542.1",0.0522427234507544,0.306068442531345,0.445,0.376,1,0.069,"MA1542.1","OSR1"
"MA0104.4",0.0530906157631799,-0.860197650806017,0.265,0.312,1,-0.047,"MA0104.4","MYCN"
"MA1656.1",0.0543590875626951,0.285823798504288,0.721,0.615,1,0.106,"MA1656.1","ZNF449"
"MA0872.1",0.0555235579442648,-0.219525689734552,0.496,0.547,1,-0.051,"MA0872.1","TFAP2A(var.3)"
"MA1108.2",0.0576085231361875,-1.36742939767024,0.199,0.333,1,-0.134,"MA1108.2","MXI1"
"MA0060.3",0.0579512490886717,-0.714250613152224,0.254,0.278,1,-0.024,"MA0060.3","NFYA"
"MA1602.1",0.0582028197554436,-0.404706897781439,0.404,0.496,1,-0.092,"MA1602.1","ZSCAN29"
"MA0740.1",0.0603863699558212,-0.695478944534397,0.235,0.291,1,-0.056,"MA0740.1","KLF14"
"MA0787.1",0.0619276925511933,-1.41807268163003,0.195,0.299,1,-0.104,"MA0787.1","POU3F2"
"MA1655.1",0.062642642180442,0.341618277961341,0.603,0.483,1,0.12,"MA1655.1","ZNF341"
"MA0493.1",0.062683793837427,0.360294279066048,0.581,0.573,1,0.00800000000000001,"MA0493.1","Klf1"
"MA1479.1",0.0645248446311056,-0.393256333882514,0.316,0.415,1,-0.099,"MA1479.1","DMRTC2"
"MA0621.1",0.0654434885035992,0.239567134545039,0.551,0.491,1,0.0600000000000001,"MA0621.1","mix-a"
"MA0686.1",0.0658190979597723,0.432706226570206,0.812,0.671,1,0.141,"MA0686.1","SPDEF"
"MA0750.2",0.066285470957716,0.167432508911122,0.651,0.607,1,0.044,"MA0750.2","ZBTB7A"
"MA0485.2",0.0680979753159709,-0.424227161079063,0.316,0.406,1,-0.09,"MA0485.2","HOXC9"
"MA0878.2",0.0703034575422254,-0.639451534625801,0.268,0.321,1,-0.053,"MA0878.2","CDX1"
"MA0633.1",0.0710608583607431,-0.432871592378586,0.375,0.453,1,-0.078,"MA0633.1","Twist2"
"MA0070.1",0.0716231298663585,-0.506881377688141,0.268,0.376,1,-0.108,"MA0070.1","PBX1"
"MA0794.1",0.072380571194287,-0.334623905773077,0.39,0.457,1,-0.067,"MA0794.1","PROX1"
"MA0100.3",0.0770640040112723,-0.214973241807138,0.434,0.479,1,-0.045,"MA0100.3","MYB"
"MA0006.1",0.0776610144533033,-0.629904963884017,0.309,0.397,1,-0.088,"MA0006.1","Ahr::Arnt"
"MA0663.1",0.0777020803864352,0.0536837500673966,0.265,0.244,1,0.021,"MA0663.1","MLX"
"MA1113.2",0.0781096308466299,-0.32600756702204,0.408,0.483,1,-0.075,"MA1113.2","PBX2"
"MA0602.1",0.0805107827985929,0.0710432313171856,0.335,0.325,1,0.01,"MA0602.1","Arid5a"
"MA0068.2",0.0817120367512471,0.272397009339451,0.551,0.47,1,0.0810000000000001,"MA0068.2","PAX4"
"MA1577.1",0.0817120367512471,0.272397009339451,0.551,0.47,1,0.0810000000000001,"MA1577.1","TLX2"
"MA0701.2",0.0817120367512471,0.272397009339451,0.551,0.47,1,0.0810000000000001,"MA0701.2","LHX9"
"MA0075.3",0.0817120367512471,0.272397009339451,0.551,0.47,1,0.0810000000000001,"MA0075.3","PRRX2"
"MA1652.1",0.0830435546496149,0.062455373254915,0.713,0.726,1,-0.013,"MA1652.1","ZKSCAN5"
"MA0703.2",0.084756906077362,0.239503590281779,0.504,0.419,1,0.085,"MA0703.2","LMX1B"
"MA1557.1",0.085545362084287,-0.344004053796641,0.404,0.466,1,-0.062,"MA1557.1","SMAD5"
"MA1556.1",0.0875127996095043,-0.0958058220211659,0.592,0.607,1,-0.015,"MA1556.1","RXRG(var.2)"
"MA0704.1",0.0903748054380084,0.221168972978426,0.548,0.457,1,0.091,"MA0704.1","Lhx4"
"MA0116.1",0.0913067842155981,-0.173588891705898,0.522,0.556,1,-0.034,"MA0116.1","Znf423"
"MA0903.1",0.0924578786814023,-0.208373542334726,0.496,0.547,1,-0.051,"MA0903.1","HOXB3"
"MA0597.1",0.093522956689018,0.243993962832389,0.651,0.551,1,0.1,"MA0597.1","THAP1"
"MA0611.1",0.0940170817071555,-0.654640880572575,0.268,0.329,1,-0.061,"MA0611.1","Dux"
"MA0629.1",0.095077075817444,-0.683719106280666,0.265,0.346,1,-0.081,"MA0629.1","Rhox11"
"MA0907.1",0.0957736183585832,0.157475824136943,0.485,0.423,1,0.062,"MA0907.1","HOXC13"
"MA0138.2",0.0958794727478684,0.250126986076104,0.5,0.436,1,0.064,"MA0138.2","REST"
"MA0071.1",0.0962005203164489,0.318670770012661,0.515,0.402,1,0.113,"MA0071.1","RORA"
"MA1644.1",0.0972847435947722,-0.684167874390365,0.254,0.303,1,-0.049,"MA1644.1","NFYC"
"MA0728.1",0.0973447709226425,-0.0810140644731532,0.599,0.624,1,-0.025,"MA0728.1","Nr2f6(var.2)"
"MA1533.1",0.0975165808097124,0.224717919045644,0.665,0.598,1,0.0670000000000001,"MA1533.1","NR1I2"
"MA1549.1",0.0976521566198955,-1.00110974072219,0.221,0.321,1,-0.1,"MA1549.1","POU6F1(var.2)"
"MA0058.3",0.0990844899308,-0.784328791081429,0.235,0.329,1,-0.094,"MA0058.3","MAX"
"MA0871.2",0.099446635717697,0.0327971932960931,0.246,0.261,1,-0.015,"MA0871.2","TFEC"
"MA1110.1",0.0996623141106023,0.272527487282242,0.893,0.761,1,0.132,"MA1110.1","NR1H4"
"MA0090.3",0.103072386398587,0.253935000732554,0.893,0.842,1,0.051,"MA0090.3","TEAD1"
"MA0122.3",0.107839881200963,-0.232010869177314,0.412,0.47,1,-0.058,"MA0122.3","Nkx3-2"
"MA0088.2",0.108764690665489,-0.262487547528553,0.353,0.415,1,-0.062,"MA0088.2","ZNF143"
"MA0732.1",0.110060038284151,0.171939022729155,0.397,0.402,1,-0.005,"MA0732.1","EGR3"
"MA0911.1",0.110511864238628,-0.315924667075745,0.368,0.483,1,-0.115,"MA0911.1","Hoxa11"
"MA0623.2",0.115066328134125,0.152725585477998,0.647,0.534,1,0.113,"MA0623.2","NEUROG1"
"MA1552.1",0.115940853435545,-0.0048794150163356,0.625,0.701,1,-0.076,"MA1552.1","RARB(var.3)"
"MA0131.2",0.117129917213257,-0.468684712539508,0.305,0.415,1,-0.11,"MA0131.2","HINFP"
"MA1570.1",0.119085869044957,0.0308383729257901,0.368,0.35,1,0.018,"MA1570.1","TFAP4(var.2)"
"MA1473.1",0.122282987727834,-0.600206412812812,0.265,0.303,1,-0.038,"MA1473.1","CDX4"
"MA0160.1",0.122912632444491,0.344460320409391,0.812,0.748,1,0.0640000000000001,"MA0160.1","NR4A2"
"MA0683.1",0.123156326657364,-0.152806194003787,0.467,0.509,1,-0.042,"MA0683.1","POU4F2"
"MA0592.3",0.124880477376281,0.312428869983826,0.809,0.692,1,0.117,"MA0592.3","ESRRA"
"MA0718.1",0.126238108406011,-0.159204858316403,0.482,0.538,1,-0.056,"MA0718.1","RAX"
"MA1146.1",0.126803373667146,0.265042436402616,0.783,0.697,1,0.0860000000000001,"MA1146.1","NR1H4::RXRA"
"MA0815.1",0.127027857116849,-0.114794457075904,0.537,0.543,1,-0.00600000000000001,"MA0815.1","TFAP2C(var.3)"
"MA0472.2",0.127714142024697,-0.405502611038082,0.287,0.308,1,-0.021,"MA0472.2","EGR2"
"MA0630.1",0.128289026058791,0.236092140436194,0.537,0.457,1,0.08,"MA0630.1","SHOX"
"MA0716.1",0.128289026058791,0.236092140436194,0.537,0.457,1,0.08,"MA0716.1","PRRX1"
"MA0746.2",0.129946686866449,0.253433161808537,0.364,0.312,1,0.052,"MA0746.2","SP3"
"MA0773.1",0.136204232858485,0.345460504808626,0.603,0.534,1,0.069,"MA0773.1","MEF2D"
"MA0777.1",0.136444323360691,0.147335897491634,0.496,0.466,1,0.03,"MA0777.1","MYBL2"
"MA1506.1",0.138272430880782,-0.407472030841885,0.338,0.389,1,-0.051,"MA1506.1","HOXD10"
"MA1463.1",0.145033294518142,0.225398456282584,0.526,0.509,1,0.017,"MA1463.1","ARGFX"
"MA0715.1",0.146183900136788,-0.552648025570829,0.272,0.359,1,-0.087,"MA0715.1","PROP1"
"MA0697.1",0.149448018879723,-0.167630329961568,0.452,0.577,1,-0.125,"MA0697.1","ZIC3"
"MA0800.1",0.15027093801075,-0.522342198412066,0.335,0.427,1,-0.092,"MA0800.1","EOMES"
"MA0874.1",0.15071285917932,-0.150809445513133,0.548,0.594,1,-0.0459999999999999,"MA0874.1","Arx"
"MA1478.1",0.152764406968098,-0.307475163711411,0.379,0.432,1,-0.053,"MA1478.1","DMRTA2"
"MA1471.1",0.15616266416586,-0.0601873223623554,0.54,0.509,1,0.031,"MA1471.1","BARX2"
"MA0141.3",0.156539772424475,0.290896470321038,0.86,0.756,1,0.104,"MA0141.3","ESRRB"
"MA0755.1",0.159095220522721,-0.36642408921779,0.364,0.436,1,-0.072,"MA0755.1","CUX2"
"MA0074.1",0.163566929249186,0.236083719554277,0.695,0.607,1,0.088,"MA0074.1","RXRA::VDR"
"MA0883.1",0.163685884878405,-1.79590342615779,0.151,0.201,1,-0.05,"MA0883.1","Dmbx1"
"MA1118.1",0.164219353064446,-0.23960523889208,0.39,0.453,1,-0.063,"MA1118.1","SIX1"
"MA0052.4",0.171458313914829,0.298441668350207,0.676,0.581,1,0.0950000000000001,"MA0052.4","MEF2A"
"MA0662.1",0.172443624300694,0.182589731113798,0.544,0.496,1,0.048,"MA0662.1","MIXL1"
"MA0702.2",0.174953859964385,0.168007172067619,0.533,0.47,1,0.0630000000000001,"MA0702.2","LMX1A"
"MA0865.1",0.176057312716577,0.252074200704336,0.658,0.577,1,0.0810000000000001,"MA0865.1","E2F8"
"MA0644.1",0.178305712810624,0.249961979991418,0.559,0.415,1,0.144,"MA0644.1","ESX1"
"MA0676.1",0.180100114687373,0.235870113316579,0.614,0.556,1,0.0579999999999999,"MA0676.1","Nr2e1"
"MA0135.1",0.189069177870723,-0.488514849096314,0.287,0.316,1,-0.029,"MA0135.1","Lhx3"
"MA1514.1",0.190498003452509,0.15722686793194,0.386,0.321,1,0.065,"MA1514.1","KLF17"
"MA0818.1",0.196974073077937,0.143955257280943,0.676,0.603,1,0.0730000000000001,"MA0818.1","BHLHE22"
"MA1102.2",0.19808968114127,0.153912843725865,0.665,0.603,1,0.0620000000000001,"MA1102.2","CTCFL"
"MA0873.1",0.198111761080462,-0.195921688924233,0.375,0.462,1,-0.087,"MA0873.1","HOXD12"
"MA0654.1",0.198632531210657,0.190022036134299,0.566,0.462,1,0.104,"MA0654.1","ISX"
"MA0717.1",0.198632531210657,0.190022036134299,0.566,0.462,1,0.104,"MA0717.1","RAX2"
"MA0720.1",0.198632531210657,0.190022036134299,0.566,0.462,1,0.104,"MA0720.1","Shox2"
"MA1597.1",0.199187477009277,0.277949220676636,0.893,0.761,1,0.132,"MA1597.1","ZNF528"
"MA1560.1",0.200575148289141,-0.329352019630256,0.371,0.432,1,-0.061,"MA1560.1","SOHLH2"
"MA0469.3",0.203204050853673,0.149365305710794,0.474,0.483,1,-0.00900000000000001,"MA0469.3","E2F3"
"MA0908.1",0.206146710491649,-0.36511357207971,0.349,0.419,1,-0.07,"MA0908.1","HOXD11"
"MA1538.1",0.208418648616057,0.289431095522677,0.754,0.645,1,0.109,"MA1538.1","NR2F1(var.3)"
"MA0159.1",0.209301259574634,0.273782211881212,0.849,0.829,1,0.02,"MA0159.1","RARA::RXRA"
"MA0603.1",0.209362802169266,-0.0941724650831901,0.268,0.299,1,-0.031,"MA0603.1","Arntl"
"MA0886.1",0.215399105135231,0.221195337240592,0.632,0.556,1,0.076,"MA0886.1","EMX2"
"MA1657.1",0.216773974822628,0.218629974667695,0.57,0.474,1,0.096,"MA1657.1","ZNF652"
"MA0681.2",0.219386645780522,-0.351304013602784,0.324,0.419,1,-0.095,"MA0681.2","PHOX2B"
"MA0888.1",0.219529399089606,-0.0846381496150862,0.577,0.598,1,-0.021,"MA0888.1","EVX2"
"MA0823.1",0.223310407841608,-0.23206412974776,0.375,0.415,1,-0.04,"MA0823.1","HEY1"
"MA1640.1",0.230800612821871,-0.294607646869582,0.412,0.427,1,-0.015,"MA1640.1","MEIS2(var.2)"
"MA0521.1",0.235144615459906,-2.8714156515077,0.162,0.269,1,-0.107,"MA0521.1","Tcf12"
"MA1608.1",0.236783504351258,-0.0589361017377483,0.61,0.637,1,-0.027,"MA1608.1","Isl1"
"MA0608.1",0.237706500471812,-0.599824980793761,0.276,0.325,1,-0.049,"MA0608.1","Creb3l2"
"MA0705.1",0.240808778737678,0.197126141614876,0.537,0.479,1,0.0580000000000001,"MA0705.1","Lhx8"
"MA0612.2",0.240808778737678,0.197126141614876,0.537,0.479,1,0.0580000000000001,"MA0612.2","EMX1"
"MA0525.2",0.243806246782864,0.184599906331794,0.39,0.342,1,0.048,"MA0525.2","TP63"
"MA0139.1",0.244197391173716,-0.0783250727418676,0.779,0.821,1,-0.0419999999999999,"MA0139.1","CTCF"
"MA0009.2",0.244950401070294,-0.358088707863487,0.386,0.457,1,-0.071,"MA0009.2","TBXT"
"MA1497.1",0.255246915137218,-0.111410350223955,0.596,0.577,1,0.019,"MA1497.1","HOXA6"
"MA0674.1",0.258728535598157,0.181054884814324,0.529,0.457,1,0.072,"MA0674.1","NKX6-1"
"MA1519.1",0.258728535598157,0.181054884814324,0.529,0.457,1,0.072,"MA1519.1","LHX5"
"MA0896.1",0.264170067473316,0.18588861478991,0.54,0.479,1,0.0610000000000001,"MA0896.1","Hmx1"
"MA0483.1",0.270385967178969,-0.337130946752071,0.327,0.359,1,-0.032,"MA0483.1","Gfi1b"
"MA1125.1",0.27133733514224,0.27670077369591,0.614,0.504,1,0.11,"MA1125.1","ZNF384"
"MA1594.1",0.271674357329598,0.198176759740031,0.368,0.38,1,-0.012,"MA1594.1","ZNF382"
"MA1581.1",0.27309207376621,0.0207715811226423,0.544,0.509,1,0.035,"MA1581.1","ZBTB6"
"MA1535.1",0.277653922459877,0.262033371094493,0.871,0.774,1,0.097,"MA1535.1","NR2C1"
"MA0752.1",0.281561193135901,-0.105160909868388,0.548,0.568,1,-0.0199999999999999,"MA0752.1","ZNF410"
"MA1483.1",0.285726966290678,0.147013717478378,0.438,0.427,1,0.011,"MA1483.1","ELF2"
"MA0635.1",0.286911605701358,-0.0606357675856098,0.397,0.376,1,0.021,"MA0635.1","BARHL2"
"MA0109.1",0.292564940968985,0.13463571455568,0.713,0.65,1,0.0629999999999999,"MA0109.1","HLTF"
"MA0667.1",0.295320549139424,-1.12161639149987,0.191,0.256,1,-0.065,"MA0667.1","MYF6"
"MA0784.1",0.295510272657076,0.0175281135649891,0.349,0.346,1,0.003,"MA0784.1","POU1F1"
"MA0738.1",0.295693191859361,0.035928968641382,0.57,0.581,1,-0.011,"MA0738.1","HIC2"
"MA1154.1",0.297092277636677,0.249827871922292,0.607,0.573,1,0.034,"MA1154.1","ZNF282"
"MA0258.2",0.30422686823662,0.055194313693073,0.651,0.624,1,0.027,"MA0258.2","ESR2"
"MA0646.1",0.30582885605225,0.12704821709371,0.415,0.38,1,0.035,"MA0646.1","GCM1"
"MA0636.1",0.311465566598751,-0.270769659248171,0.224,0.244,1,-0.02,"MA0636.1","BHLHE41"
"MA0631.1",0.338757892786886,-0.173228870488726,0.401,0.432,1,-0.031,"MA0631.1","Six3"
"MA0069.1",0.3445500692556,-0.274833536039376,0.36,0.415,1,-0.055,"MA0069.1","PAX6"
"MA0660.1",0.344961847569019,0.310209080780008,0.57,0.538,1,0.0319999999999999,"MA0660.1","MEF2B"
"MA0461.2",0.356718289732652,0.0637465924403628,0.636,0.581,1,0.055,"MA0461.2","Atoh1"
"MA0463.2",0.360763346555565,0.274456819761734,0.893,0.812,1,0.081,"MA0463.2","BCL6"
"MA0819.1",0.360936129586055,-0.148573005424078,0.441,0.479,1,-0.038,"MA0819.1","CLOCK"
"MA0106.3",0.362303207818783,-0.245522287280479,0.331,0.372,1,-0.041,"MA0106.3","TP53"
"MA1501.1",0.368650387798987,-0.160966504198757,0.408,0.47,1,-0.062,"MA1501.1","HOXB7"
"MA0897.1",0.375327479279805,0.160186047711116,0.555,0.526,1,0.029,"MA0897.1","Hmx2"
"MA0808.1",0.384763087841013,-0.0153126029938678,0.717,0.756,1,-0.039,"MA0808.1","TEAD3"
"MA0813.1",0.388718138700216,-0.0439832068638716,0.559,0.543,1,0.016,"MA0813.1","TFAP2B(var.3)"
"MA0742.1",0.391549820186326,-0.145121292200271,0.393,0.38,1,0.013,"MA0742.1","Klf12"
"MA0706.1",0.393207369268732,0.165601511225164,0.695,0.598,1,0.097,"MA0706.1","MEOX2"
"MA1464.1",0.39493869000645,-0.176916381707602,0.272,0.308,1,-0.036,"MA1464.1","ARNT2"
"MA0634.1",0.396292330959555,0.162697468324072,0.555,0.521,1,0.034,"MA0634.1","ALX3"
"MA1468.1",0.40377834577193,-0.0116333059129269,0.485,0.444,1,0.041,"MA1468.1","ATOH7"
"MA0879.1",0.404600569630614,0.107882708701475,0.669,0.585,1,0.0840000000000001,"MA0879.1","Dlx1"
"MA0731.1",0.408013651015977,0.110196158612193,0.809,0.765,1,0.044,"MA0731.1","BCL6B"
"MA0668.1",0.410632607573077,0.0874973327567942,0.662,0.624,1,0.038,"MA0668.1","NEUROD2"
"MA0079.4",0.415490494073199,0.15518229296988,0.382,0.346,1,0.036,"MA0079.4","SP1"
"MA0790.1",0.425894389971682,-0.118105304402496,0.452,0.44,1,0.012,"MA0790.1","POU4F1"
"MA0470.2",0.430479570050766,0.0879310872354206,0.537,0.509,1,0.028,"MA0470.2","E2F4"
"MA1629.1",0.432629037167632,0.0735554892994413,0.64,0.637,1,0.003,"MA1629.1","Zic2"
"MA1568.1",0.435585160031455,0.0575896776488654,0.721,0.679,1,0.0419999999999999,"MA1568.1","TCF21(var.2)"
"MA0737.1",0.440441869588025,0.0707415362986128,0.581,0.551,1,0.0299999999999999,"MA0737.1","GLIS3"
"MA0780.1",0.44188728129418,-0.137544564909262,0.507,0.526,1,-0.019,"MA0780.1","PAX3"
"MA0627.2",0.444060106360677,-2.48676460289988,0.158,0.197,1,-0.039,"MA0627.2","POU2F3"
"MA0017.2",0.446271205837634,0.193071020721553,0.688,0.654,1,0.0339999999999999,"MA0017.2","NR2F1"
"MA0707.1",0.44661748062684,0.143185495020995,0.607,0.577,1,0.03,"MA0707.1","MNX1"
"MA1599.1",0.446858491236091,0.260288180522059,0.5,0.427,1,0.073,"MA1599.1","ZNF682"
"MA0890.1",0.447156990010861,-0.0795531125376509,0.452,0.432,1,0.02,"MA0890.1","GBX2"
"MA0651.1",0.45600767630139,-0.16769891279547,0.342,0.415,1,-0.073,"MA0651.1","HOXC11"
"MA0828.1",0.463366564996592,-1.44886372262737,0.199,0.278,1,-0.079,"MA0828.1","SREBF2(var.2)"
"MA0774.1",0.466525836747622,-0.0558369065233222,0.43,0.444,1,-0.014,"MA0774.1","MEIS2"
"MA1569.1",0.467079230317148,-0.228493364311196,0.309,0.376,1,-0.067,"MA1569.1","TFAP2E"
"MA0685.1",0.491165975389453,0.124395416109109,0.397,0.372,1,0.025,"MA0685.1","SP4"
"MA0857.1",0.501569471271255,0.170513713016913,0.831,0.769,1,0.0619999999999999,"MA0857.1","Rarb"
"MA1575.1",0.501620172479599,0.203879737389207,0.765,0.658,1,0.107,"MA1575.1","THRB(var.2)"
"MA0809.2",0.503260188771963,0.162948078479524,0.835,0.782,1,0.0529999999999999,"MA0809.2","TEAD4"
"MA1553.1",0.505251706322807,0.0922553703943504,0.713,0.709,1,0.004,"MA1553.1","RARG(var.3)"
"MA0825.1",0.523863046194275,-0.349209778834254,0.298,0.359,1,-0.061,"MA0825.1","MNT"
"MA0063.2",0.526655098206192,0.0174464040835954,0.456,0.444,1,0.012,"MA0063.2","NKX2-5"
"MA0811.1",0.527968354056694,-0.261639864229514,0.294,0.321,1,-0.027,"MA0811.1","TFAP2B"
"MA1100.2",0.531301957921556,-0.63172115191978,0.254,0.308,1,-0.054,"MA1100.2","ASCL1"
"MA0616.2",0.535573845281941,-0.392697383488362,0.217,0.286,1,-0.069,"MA0616.2","HES2"
"MA0895.1",0.53728159845313,-0.692966957266861,0.213,0.261,1,-0.048,"MA0895.1","HMBOX1"
"MA0735.1",0.549841479245305,-0.0521961077389299,0.423,0.406,1,0.017,"MA0735.1","GLIS1"
"MA0725.1",0.566032264940847,0.0248972419758016,0.566,0.543,1,0.0229999999999999,"MA0725.1","VSX1"
"MA0726.1",0.566032264940847,0.0248972419758016,0.566,0.543,1,0.0229999999999999,"MA0726.1","VSX2"
"MA1122.1",0.567322004591097,0.0548619373278177,0.665,0.594,1,0.0710000000000001,"MA1122.1","TFDP1"
"MA1495.1",0.574052089771969,-0.0679589258152487,0.496,0.526,1,-0.03,"MA1495.1","HOXA1"
"MA0158.2",0.574052089771969,-0.0679589258152487,0.496,0.526,1,-0.03,"MA0158.2","HOXA5"
"MA0904.2",0.574052089771969,-0.0679589258152487,0.496,0.526,1,-0.03,"MA0904.2","HOXB5"
"MA0038.2",0.574268840435834,-0.0822835919791319,0.364,0.44,1,-0.076,"MA0038.2","GFI1"
"MA1099.2",0.579971744224561,-0.975361376301481,0.18,0.274,1,-0.094,"MA1099.2","HES1"
"MA1476.1",0.583005869831048,-0.0214907392748648,0.599,0.641,1,-0.042,"MA1476.1","DLX5"
"MA0672.1",0.588151808787735,-0.00784042227165802,0.544,0.551,1,-0.00700000000000001,"MA0672.1","NKX2-3"
"MA0618.1",0.588476761445635,0.122629657877779,0.482,0.44,1,0.042,"MA0618.1","LBX1"
"MA0502.2",0.592050528289954,0.0183702686546552,0.312,0.291,1,0.021,"MA0502.2","NFYB"
"MA1625.1",0.597293523005093,0.101337540332827,0.824,0.808,1,0.0159999999999999,"MA1625.1","Stat5b"
"MA0804.1",0.605421806133131,-0.0709759077872375,0.515,0.573,1,-0.0579999999999999,"MA0804.1","TBX19"
"MA0775.1",0.606722730904793,0.170604095687095,0.654,0.581,1,0.0730000000000001,"MA0775.1","MEIS3"
"MA1592.1",0.613113068401773,-0.0915903586014214,0.46,0.483,1,-0.023,"MA1592.1","ZNF274"
"MA0494.1",0.617028158543804,0.0720358190274992,0.485,0.444,1,0.041,"MA0494.1","Nr1h3::Rxra"
"MA0003.4",0.622637680074675,0.0923932422194228,0.471,0.44,1,0.031,"MA0003.4","TFAP2A"
"MA1509.1",0.625984702803644,0.00723154146066035,0.46,0.462,1,-0.002,"MA1509.1","IRF6"
"MA0155.1",0.650285504336837,-0.0144289641665869,0.526,0.526,1,0,"MA0155.1","INSM1"
"MA0747.1",0.657222933121673,0.11764015860151,0.463,0.432,1,0.031,"MA0747.1","SP8"
"MA0826.1",0.65729978234198,-0.056667314644763,0.515,0.556,1,-0.041,"MA0826.1","OLIG1"
"MA0887.1",0.662271332597854,0.00754322638907157,0.632,0.641,1,-0.00900000000000001,"MA0887.1","EVX1"
"MA0859.1",0.66495603648994,0.105238238296298,0.71,0.705,1,0.005,"MA0859.1","Rarg"
"MA0083.3",0.672202186460797,-0.0303090454229531,0.456,0.457,1,-0.001,"MA0083.3","SRF"
"MA1564.1",0.674844940260509,0.0884236279761549,0.375,0.355,1,0.02,"MA1564.1","SP9"
"MA1515.1",0.677404847584353,0.0909024651815977,0.441,0.389,1,0.052,"MA1515.1","KLF2"
"MA1500.1",0.681836959195799,0.00869554403258874,0.544,0.513,1,0.031,"MA1500.1","HOXB6"
"MA0842.2",0.689400582070586,-0.0848024805611206,0.426,0.491,1,-0.065,"MA0842.2","NRL"
"MA0679.2",0.690359563090665,0.0598930899062571,0.489,0.479,1,0.01,"MA0679.2","ONECUT1"
"MA0853.1",0.693924041702086,0.102785082119966,0.537,0.534,1,0.003,"MA0853.1","Alx4"
"MA1532.1",0.702098240257969,0.0928799558535079,0.555,0.534,1,0.021,"MA1532.1","NR1D2"
"MA1651.1",0.703336435534466,-0.0318833835327713,0.452,0.419,1,0.033,"MA1651.1","ZFP42"
"MA0816.1",0.712310775383283,-0.371652862883066,0.235,0.282,1,-0.047,"MA0816.1","Ascl2"
"MA0785.1",0.724595924466324,-0.23584111053645,0.257,0.308,1,-0.051,"MA0785.1","POU2F1"
"MA1480.1",0.725141917306113,-0.0272951019973435,0.305,0.346,1,-0.041,"MA1480.1","DPRX"
"MA1544.1",0.740391246492795,0.13992951314853,0.482,0.487,1,-0.005,"MA1544.1","OVOL1"
"MA1585.1",0.742187624722349,0.11739135308958,0.588,0.53,1,0.0579999999999999,"MA1585.1","ZKSCAN1"
"MA0527.1",0.742430930380131,-0.190891168360692,0.338,0.406,1,-0.068,"MA0527.1","ZBTB33"
"MA0132.2",0.74437984075495,0.0735572936660805,0.544,0.491,1,0.053,"MA0132.2","PDX1"
"MA0900.2",0.74437984075495,0.0735572936660805,0.544,0.491,1,0.053,"MA0900.2","HOXA2"
"MA0912.2",0.74437984075495,0.0735572936660805,0.544,0.491,1,0.053,"MA0912.2","HOXD3"
"MA0736.1",0.754595215697273,0.122826146934451,0.684,0.645,1,0.039,"MA0736.1","GLIS2"
"MA0092.1",0.767768656508057,0.138478642528769,0.68,0.645,1,0.035,"MA0092.1","Hand1::Tcf3"
"MA1119.1",0.768365432653821,-0.330175360465581,0.191,0.252,1,-0.061,"MA1119.1","SIX2"
"MA0145.3",0.770357619788728,0.0965073093243157,0.562,0.513,1,0.049,"MA0145.3","TFCP2"
"MA0744.2",0.77151891022552,-0.0907398335065176,0.511,0.581,1,-0.07,"MA0744.2","SCRT2"
"MA0661.1",0.773163623654611,0.00616979134175091,0.533,0.556,1,-0.023,"MA0661.1","MEOX1"
"MA0885.1",0.774441245476587,0.0764957975675664,0.592,0.556,1,0.0359999999999999,"MA0885.1","Dlx2"
"MA0758.1",0.775043598551445,0.190532072643185,0.75,0.654,1,0.096,"MA0758.1","E2F7"
"MA0524.2",0.786961858468537,-0.0444436081549446,0.305,0.291,1,0.014,"MA0524.2","TFAP2C"
"MA0793.1",0.789493429347357,-0.177552403567022,0.353,0.368,1,-0.015,"MA0793.1","POU6F2"
"MA0880.1",0.798961222493652,-0.0187608540387648,0.485,0.457,1,0.028,"MA0880.1","Dlx3"
"MA0881.1",0.798961222493652,-0.0187608540387648,0.485,0.457,1,0.028,"MA0881.1","Dlx4"
"MA0479.1",0.799505954424689,0.129137492195516,0.695,0.65,1,0.0449999999999999,"MA0479.1","FOXH1"
"MA0914.1",0.800379339780724,0.11089162574236,0.496,0.509,1,-0.013,"MA0914.1","ISL2"
"MA0729.1",0.800950957420691,0.137619583627381,0.728,0.675,1,0.0529999999999999,"MA0729.1","RARA"
"MA0776.1",0.80126794800348,-0.0508185324324559,0.474,0.449,1,0.025,"MA0776.1","MYBL1"
"MA1517.1",0.803125844599751,-0.101565872108424,0.357,0.35,1,0.00700000000000001,"MA1517.1","KLF6"
"MA0862.1",0.815002099515252,0.0143613333861037,0.335,0.359,1,-0.024,"MA0862.1","GMEB2"
"MA1654.1",0.827968570606528,0.122985247724648,0.592,0.556,1,0.0359999999999999,"MA1654.1","ZNF16"
"MA1545.1",0.834093001706497,0.0511066155567618,0.474,0.449,1,0.025,"MA1545.1","OVOL2"
"MA0669.1",0.834542118545052,0.00427329753505543,0.581,0.551,1,0.0299999999999999,"MA0669.1","NEUROG2"
"MA0124.2",0.834590364980465,0.151660821471533,0.386,0.389,1,-0.003,"MA0124.2","Nkx3-1"
"MA0680.1",0.837529820831665,-0.0809615704991539,0.404,0.466,1,-0.062,"MA0680.1","PAX7"
"MA0059.1",0.842466434257395,-1.12091088440826,0.221,0.226,1,-0.005,"MA0059.1","MAX::MYC"
"MA0892.1",0.855194532183967,-0.00955062395178664,0.482,0.479,1,0.003,"MA0892.1","GSX1"
"MA0711.1",0.856828954306708,0.000143924175276922,0.39,0.389,1,0.001,"MA0711.1","OTX1"
"MA0902.2",0.862129130515681,0.0209847847216707,0.537,0.53,1,0.00700000000000001,"MA0902.2","HOXB2"
"MA0854.1",0.867583260994006,-0.0638879021509486,0.404,0.453,1,-0.049,"MA0854.1","Alx1"
"MA0673.1",0.872235297036143,0.0585662607817796,0.607,0.568,1,0.039,"MA0673.1","NKX2-8"
"MA0786.1",0.880273223878668,-0.259890674007179,0.276,0.291,1,-0.015,"MA0786.1","POU3F1"
"MA0125.1",0.882255042938025,0.0103555220919005,0.467,0.457,1,0.01,"MA0125.1","Nobox"
"MA1635.1",0.894146084701157,-0.266746254390915,0.287,0.333,1,-0.046,"MA1635.1","BHLHE22(var.2)"
"MA0810.1",0.904782007706361,-0.0170121713494329,0.32,0.342,1,-0.022,"MA0810.1","TFAP2A(var.2)"
"MA0875.1",0.907236458449142,0.0572095520419184,0.746,0.684,1,0.0619999999999999,"MA0875.1","BARX1"
"MA1548.1",0.914645780194725,0.0872469187431844,0.551,0.474,1,0.0770000000000001,"MA1548.1","PLAGL2"
"MA1588.1",0.915419159319219,0.138620381291866,0.669,0.632,1,0.037,"MA1588.1","ZNF136"
"MA0795.1",0.921238024844128,-0.00240565970320622,0.445,0.432,1,0.013,"MA0795.1","SMAD3"
"MA0882.1",0.926951910760622,0.0040579201952462,0.504,0.479,1,0.025,"MA0882.1","DLX6"
"MA0503.1",0.933114410523234,-0.02696820667789,0.43,0.483,1,-0.053,"MA0503.1","Nkx2-5(var.2)"
"MA0722.1",0.944573616141545,-0.0069516722786484,0.5,0.483,1,0.017,"MA0722.1","VAX1"
"MA0723.1",0.944573616141545,-0.0069516722786484,0.5,0.483,1,0.017,"MA0723.1","VAX2"
"MA1481.1",0.944573616141545,-0.0069516722786484,0.5,0.483,1,0.017,"MA1481.1","DRGX"
"MA0893.2",0.944573616141545,-0.0069516722786484,0.5,0.483,1,0.017,"MA0893.2","GSX2"
"MA1505.1",0.949404499527753,0.00123758877868713,0.526,0.521,1,0.005,"MA1505.1","HOXC8"
"MA0713.1",0.955863096769983,-0.54344629344862,0.276,0.282,1,-0.00599999999999995,"MA0713.1","PHOX2A"
"MA0658.1",0.968907633754394,0.111521448064251,0.548,0.534,1,0.014,"MA0658.1","LHX6"
"MA0913.2",0.97657243402551,-0.086853213442211,0.408,0.462,1,-0.054,"MA0913.2","HOXD9"
"MA0767.1",0.98306810129415,-0.170788325689629,0.368,0.38,1,-0.012,"MA0767.1","GCM2"
"MA0464.2",0.9843833037986,-0.211867383784849,0.324,0.316,1,0.00800000000000001,"MA0464.2","BHLHE40"
"MA1576.1",0.991072879980511,0.154428458118024,0.632,0.585,1,0.047,"MA1576.1","THRB(var.3)"
"MA1153.1",0.991763246981177,0.0868796139280261,0.64,0.632,1,0.00800000000000001,"MA1153.1","Smad4"
"MA0812.1",0.995285860179686,0.0198869739267132,0.382,0.372,1,0.01,"MA0812.1","TFAP2B(var.2)"
"MA0894.1",0.999248771351285,0.0745752006211781,0.522,0.427,1,0.095,"MA0894.1","HESX1"
